UniqueCount	AmbigCount
214	0
3576	0
475	1
2206	0
468	0
962	0
648	0
240	0
2322	0
4	0
4602	0
478	0
402	0
1644	0
892	0
18	0
699	0
0	109
208	58
652	0
1027	0
2	0
3612	634
454	0
31	0
0	0
1138	0
0	1
10	1
328	0
23	0
0	90
2	1
6	17508
580	0
202	0
1046	0
200	0
2	0
126	0
9005	0
1	2
1560	0
12	0
379	0
436	0
464	0
31	348
14	0
3	0
447	1
1646	0
470	0
607	3
904	0
24	0
136	0
2	2
338	0
932	0
434	0
3366	0
886	0
2008	0
228	0
4	0
406	0
534	0
580	0
24949	644
12	1
386	0
2288	0
4172	0
43	4
652	0
18	0
2020	0
758	0
162	11016
4579	0
1341	1
46	0
2	1
3338	0
3756	0
670	0
1	0
0	37
1534	326
330	0
610	0
2543	1
486	0
576	0
404	0
2	13
1046	16301
352	0
528	0
1300	0
198	0
360	0
14477	37
1140	0
690	0
0	26
596	0
360	0
252	0
984	0
262	30
34	0
162	389
328	0
586	0
2252	0
146	0
66	0
370	0
1272	0
2996	0
9	0
2553	1
3520	198
54	0
2430	0
1554	0
606	0
1272	0
830	0
742	0
14	0
520	0
1208	1052
996	0
638	0
982	0
1342	0
1456	0
560	0
412	0
617	0
1375	1
1798	0
1280	0
24	4
0	24
5106	0
660	0
474	0
992	0
188	0
2336	0
2184	2826
480	2
810	60
694	0
796	0
612	0
0	0
4	0
376	0
1148	0
8382	0
1266	0
352	0
34	0
118	0
850	0
2	190
3436	0
372	0
37	0
310	0
2764	0
4138	0
658	0
1082	0
1157	1
1612	2
502	0
236	0
0	114
670	0
418	0
930	2
9880	0
376	0
296	0
2986	0
545	1
1980	0
301	1
832	0
2944	0
7900	0
600	0
3748	0
1103	0
308	0
854	0
5174	0
490	0
161	0
1342	0
730	0
1392	0
42	0
8	15982
2274	0
408	0
2774	0
1100	0
54	0
668	0
228	0
1026	0
554	0
10	0
1038	0
58	0
4430	0
0	0
0	0
4428	0
276	0
596	0
1506	0
2018	0
255	0
520	0
296	0
3110	0
1408	0
210	0
2289	0
486	0
6	0
668	0
508	0
138	0
30	21
204	0
92	0
918	0
13582	60
932	0
500	0
4209	1
0	0
5286	350
1156	0
752	0
1220	0
1188	0
1676	0
1510	0
1084	0
0	0
0	0
166	0
446	0
1858	0
782	0
9	0
3104	0
1726	0
608	0
1438	0
238	0
0	443
628	0
664	0
112	0
2908	0
2696	0
0	1
420	0
1158	0
920	0
330	0
1703	4372
62	177
256	0
716	0
1428	0
748	0
3	0
1002	0
1578	0
2434	0
712	0
0	0
742	0
10	0
406	0
3712	0
8126	0
2	0
1950	0
222	0
5632	0
1518	0
624	0
0	0
1356	4006
3176	0
7	1
7378	1482
316	0
400	0
6	0
0	0
350	0
234	0
356	0
1508	0
14	0
2928	0
38	0
5170	6
520	0
574	0
2408	0
88	3
426	0
2	0
404	0
972	0
658	0
2692	0
156	0
158	0
118	0
656	0
440	0
1883	0
396	0
846	0
968	0
946	0
1738	0
1550	0
624	0
474	0
1642	0
230	0
148	0
535	0
397	0
2	0
0	0
2828	0
6	0
35	0
0	0
784	0
568	0
347	0
4126	0
2438	0
1404	0
4418	2154
258	0
0	0
928	0
418	0
334	0
30	0
290	0
514	0
3748	0
606	0
152	0
518	0
154	32
416	0
240	0
2094	0
252	0
1848	4
1490	0
1764	0
2990	1810
1316	0
4	0
272	0
412	0
2634	0
112	0
2	0
360	0
0	0
638	0
130	0
2726	0
246	0
1	0
1644	0
676	0
82	0
754	0
2114	0
64	0
1200	0
36	0
3798	0
634	0
1164	0
0	0
262	0
0	0
2597	0
21	0
306	0
1386	0
756	0
2	0
456	0
447	5625
5	10
1276	0
8	0
1416	0
1206	0
884	0
2850	0
0	0
1548	0
452	0
2046	232
32	0
300	0
1882	0
1244	0
1822	0
160	0
1370	0
0	1
452	0
132	0
0	0
12	0
222	0
898	0
740	0
154	0
8845	0
12	1
856	0
880	0
2	0
0	0
740	0
10	0
2376	0
551	0
1338	0
196	0
542	0
420	0
944	0
60	0
520	0
216	0
704	0
794	0
662	0
0	0
4254	0
196	0
756	0
1714	0
2	0
3274	0
350	0
486	0
413	0
2	0
0	36
232	0
216	0
2104	0
8	17
542	0
0	0
4	0
1112	0
1354	0
6	195
2149	3
474	2
306	0
884	0
10	34
1755	0
712	0
669	0
104	0
264	0
662	0
154	0
542	0
64	0
532	0
176	0
3112	0
1618	0
406	0
264	0
0	0
296	644
240	494
674	0
153	1
1922	0
1340	0
17640	64
0	0
530	0
2190	82
870	0
604	0
632	0
918	0
6	0
434	0
874	0
1661	0
3306	0
823	3
1200	0
308	0
708	0
752	0
0	0
1024	0
2180	4
580	0
86	0
4	1
1622	0
0	0
18	0
574	0
174	0
874	0
458	0
1018	0
2	0
6	0
916	0
0	0
1524	0
12770	0
4644	4
662	0
518	0
948	0
18	1
8	0
18	0
2828	0
2	0
1287	1
224	0
464	2
4	0
36142	0
602	0
30	0
1670	0
590	0
962	2154
800	0
302	0
1382	0
223	0
2200	0
962	0
0	0
918	0
1220	2
2648	0
3662	0
1060	0
714	0
6	0
178	0
669	0
466	0
1214	0
900	0
206	0
810	0
1886	0
708	0
1148	0
1450	0
24	64
1440	0
0	0
2094	0
22	0
1248	0
44	0
1	0
392	0
0	3
1896	0
232	0
2240	10
2028	0
540	0
712	0
398	0
842	0
2386	0
24	0
424	0
348	0
1254	0
64	0
532	0
1012	0
132	0
1246	0
4032	4
580	0
712	0
1398	0
404	0
15118	0
0	78
5766	0
568	0
414	0
101	0
1134	0
394	0
622	0
444	0
346	0
6	0
210	0
506	0
108	0
701	1
10	2
106	0
906	0
1266	0
360	0
620	0
426	0
0	192
2000	0
469	3
506	0
506	0
550	0
2226	856
2134	0
538	0
358	0
832	0
0	38
6860	0
426	0
446	0
36	0
524	0
0	0
1192	0
1660	0
956	0
22	10
3956	0
2810	0
554	0
1004	0
1468	0
5430	0
298	0
0	0
458	0
12	0
38	2
952	0
2764	0
2	0
842	0
1022	0
917	0
2136	0
1084	0
614	12091
342	0
332	0
1538	0
190	0
356	0
770	0
136	0
382	0
4756	0
434	0
46	0
7	3
0	1
2128	0
7	1
1837	1
850	0
2094	16
56	254
110	0
0	0
4	0
492	0
1214	0
148	0
8	0
20662	138
646	0
3456	0
246	0
1780	0
1936	1820
1258	0
4208	0
2078	0
770	0
678	0
1420	6
1448	0
273	0
250	0
2002	2826
210	0
3791	1
340	0
846	0
828	0
1460	0
636	0
0	0
648	0
3554	2
816	0
14	0
1362	0
1322	0
877	0
1804	0
196	0
1272	0
351	0
438	0
2120	0
1732	374
374	0
712	0
780	0
816	0
2	0
3331	0
640	0
552	0
0	8
0	587
5	0
320	0
2019	1
1428	0
776	0
9478	0
0	0
1597	1
372	0
3776	114
2210	0
696	0
358	0
86	0
540	0
0	4
554	0
1094	4656
573	0
1178	0
1258	0
228	0
478	0
867	0
1360	0
796	0
62	0
266	0
1870	0
314	0
1267	1
1604	0
940	1
2356	2
3821	0
1669	1
7	0
316	0
4	2
816	0
4205	0
1140	0
2942	0
0	48
0	0
184	0
408	0
458	0
0	0
296	0
0	0
176	0
678	2
408	0
504	0
543	0
6372	0
822	0
640	0
374	0
4614	0
2226	0
170	0
9	6
1204	0
4294	0
58	8
592	0
0	2
2234	0
10	0
2012	0
6	0
314	0
1326	0
94	0
1586	0
140	0
892	0
108	0
2852	0
3346	7
36	0
1662	0
438	0
58	0
966	0
4599	0
294	0
954	0
569	3
288	0
758	0
706	0
36614	0
168	0
113	0
2056	0
2074	0
2086	8756
98	206
2118	0
1982	0
526	0
1850	0
1981	0
676	0
2	0
0	82
688	0
1072	0
30	0
5562	0
0	0
466	0
12	6
2366	0
2886	90
188	0
1924	0
540	0
208	0
814	0
1012	0
0	1
2932	0
652	0
766	0
574	0
3680	0
180	0
0	0
278	0
380	0
1228	0
2744	0
628	0
2672	0
1504	0
214	2
1558	0
882	0
141	0
953	0
964	0
728	0
804	0
108	0
472	0
1878	0
672	0
636	0
0	0
316	0
470	0
3438	0
2958	0
8173	37848
0	0
434	0
672	0
1050	0
122	0
362	0
4820	0
6	0
818	0
52	0
1978	0
688	0
420	0
648	0
694	0
460	0
1342	0
1198	0
1247	0
1376	0
0	0
1863	0
1578	0
0	0
0	225
88	0
10	3
60	0
328	0
1040	0
782	0
240	0
0	1
172	0
4858	0
1252	0
466	0
824	0
732	0
450	0
10549	0
380	0
372	0
212	0
1062	0
486	0
12	0
498	0
952	0
358	0
896	0
202	0
220	0
1440	0
1065	3
0	0
308	0
638	0
967	0
406	0
0	0
557	0
50	0
1040	0
154	0
1074	0
1458	0
1868	0
58	0
876	0
2580	0
984	0
344	0
191	0
1432	50
620	0
572	0
0	358
1080	0
710	0
20582	8
1182	0
934	0
242	0
1188	0
2064	0
1964	0
130	0
1948	0
316	0
742	0
1204	0
1880	0
72	0
1024	0
554	0
0	17411
616	0
10562	0
48	0
4496	0
16	0
1534	0
38	4
6924	0
374	0
410	0
4182	0
561	0
0	0
2518	0
848	0
1508	0
54	0
1325	0
124	0
354	0
2098	0
234	0
6618	0
364	0
3214	0
552	0
3042	0
4	0
172	0
170	0
936	0
6	0
2444	0
1302	0
304	0
4	3
18	5
876	0
6	0
1072	0
538	0
479	1
4	0
1468	0
104	0
214	0
1072	0
522	0
820	0
16	0
2758	0
0	0
228	0
524	0
5032	0
222	0
337	0
656	0
622	0
172	0
3012	0
812	0
6	1
496	0
756	0
1902	0
653	1
5954	0
1134	0
1474	0
608	0
304	0
4	0
138	16
138	0
11788	0
730	0
534	184
33	43
486	0
824	0
280	0
392	0
1855	0
0	0
595	0
6	0
694	0
356	0
1334	0
1504	0
182	0
672	0
212	0
370	0
456	0
7	0
306	0
256	0
504	0
56	0
752	148
10	240
16	0
350	0
0	1
664	0
384	0
36	0
1050	0
966	0
951	0
74	0
550	0
0	1
0	16690
360	0
746	0
302	0
493	0
2400	389
936	0
7	0
0	0
218	0
1730	0
534	0
4049	0
8	2
304	0
1120	0
504	0
274	0
478	0
12	3
506	0
1036	0
292	0
2100	0
641	0
326	0
3152	0
9354	0
302	0
1878	0
11624	0
80	0
47	1
340	0
1632	0
484	0
1120	0
584	0
284	0
222	0
425	0
652	0
0	0
840	0
456	0
272	0
984	0
4982	0
0	0
6	0
194	0
89	0
0	0
1454	0
234	0
566	360
1844	2
652	0
1366	0
1644	0
102	0
20	0
1354	0
28	0
558	0
239	0
123	0
374	0
489	0
1532	0
168	125
130	0
3856	0
10	2
212	1702
2158	0
302	0
190	0
39017	109
322	242
766	0
352	0
170	0
210	0
380	0
1790	0
504	0
784	0
466	58103
916	0
254	0
476	0
412	0
444	0
450	0
670	0
1088	0
3046	116654
370	0
416	0
666	0
4	0
382	0
702	0
608	0
1503	0
538	0
416	0
534	0
526	0
562	0
674	4
146	0
1662	0
404	0
424	0
50	0
2	2
384	0
1606	0
382	0
98	0
608	0
4	1
5284	0
692	0
1844	0
488	0
1822	0
600	0
392	60
1074	0
78	0
328	0
748	0
1044	5588
430	0
278	0
1824	6
49	0
1462	0
1234	0
464	0
500	0
184	0
0	0
7196	0
70	18430
832	0
596	0
360	0
1637	0
0	0
3376	0
252	0
2	0
6	2
654	0
826	0
523	0
2452	0
5682	0
130	0
1213	0
0	0
166	0
1814	0
346	0
342	0
3372	0
1274	0
0	192
520	0
94	0
14	0
456	0
1116	0
17466	0
738	0
208	0
845	1
773	1
1372	0
983	0
1118	0
598	0
722	0
2	0
64	0
29125	0
0	0
138	0
726	0
834	0
858	0
122	0
306	0
3106	0
144	0
14	0
1530	0
444	0
870	0
0	0
412	0
1336	0
372	2
12	0
206	0
3038	0
341	0
24	2
1266	2
328	0
1035	0
1571	1
527	0
1236	0
0	8
4100	0
428	0
152	0
1338	0
32	0
30	166
1094	0
1658	0
1338	0
674	0
1210	0
516	0
804	0
274	240
2	0
1624	0
668	0
2650	0
1406	190
2583	0
34	0
158	3652
26	0
412	0
2	0
1082	0
326	0
474	0
394	0
3334	0
0	0
840	0
1076	0
206	0
974	0
18470	0
326	0
1176	0
2864	0
388	0
16	0
0	19312
950	0
328	0
502	0
0	0
1684	0
396	0
1696	0
0	0
3620	0
678	0
1046	0
874	0
1400	0
3682	0
2287	0
3938	1
3064	0
866	0
1660	0
488	0
2518	0
6	6
2	1
579	0
602	0
446	0
526	0
1286	0
1856	0
2	1
1193	0
468	0
208	0
1310	0
1684	0
294	0
134	0
1706	0
234	0
698	0
490	0
26	0
980	0
610	4
982	0
159	0
1576	0
1084	0
682	0
458	0
600	0
1488	186
2	0
0	0
36	0
1878	0
1939	0
638	0
44	0
436	0
0	0
362	0
958	0
84	0
0	0
1092	0
2235	0
5094	0
458	0
341	0
982	0
22	0
324	0
157	0
4	1
214	0
628	0
2198	0
1854	812
2	0
2492	0
600	0
3216	0
1906	1096
457	1
238	0
730	0
2012	0
402	0
4	0
1960	0
1462	0
0	0
1042	0
358	0
894	0
2898	0
0	0
834	0
4	0
0	0
156	0
152	0
450	0
914	0
1010	0
0	0
342	0
632	0
118	0
2410	0
1636	0
2	3
3	0
378	0
2498	0
308	0
590	0
3988	0
63	84
2	0
476	0
895	0
12	2
562	0
722	0
318	0
378	0
6598	0
494	0
464	0
950	0
0	2
1098	0
832	0
394	0
670	0
3034	0
4486	0
2867	0
282	0
1224	0
422	0
0	0
264	0
2034	0
898	0
268	1670
306	0
244	0
270	0
0	37
1562	0
504	0
12	0
268	0
344	0
334	0
3336	0
1402	0
0	0
1146	0
738	0
2382	0
746	0
946	0
858	0
2278	0
8316	0
1602	0
1762	0
22	0
688	0
658	0
836	0
1313	0
728	0
406	0
532	0
358	0
514	0
1174	0
1390	0
1212	0
745	0
110	0
210	0
242	0
0	18556
302	0
6	0
986	0
64	0
889	0
382	0
0	258
986	0
31624	0
884	0
8822	0
63	0
0	0
98	0
2996	0
785	3
978	0
696	0
516	0
1088	0
946	0
294	0
0	2
0	0
198	0
1248	0
700	0
2754	474
4	0
658	0
0	66
4	0
1117	3
18	0
2824	0
9688	0
1121	0
0	0
232	0
282	0
2710	0
8	0
1798	0
6102	0
236	0
2708	0
346	0
3402	90
1202	0
556	0
338	0
380	0
390	0
5802	874
318	0
1448	0
9670	4722
180	0
3488	0
1682	0
1282	0
24	0
1706	0
760	0
144	0
234	0
924	0
2	7
438	0
386	0
470	0
540	0
1876	0
4738	0
1130	0
5596	0
1184	0
2028	0
1308	0
2226	0
456	0
1152	0
1948	0
0	0
988	0
2440	14
927	0
686	0
398	0
464	0
2	0
946	0
362	0
1112	0
204	0
2040	0
1032	0
3850	0
4	214
2924	0
208	0
6	38
670	0
446	0
4584	0
1904	0
2	3
284	0
353	0
86	0
939	1
390	0
0	0
4	0
186	0
1185	0
156	0
762	0
1588	0
1834	0
359	0
68	0
3222	0
660	0
2386	0
634	0
626	0
1360	0
380	0
616	0
67	4
448	0
0	0
7	0
917	1
78	0
948	0
616	0
0	171
908	0
332	0
856	0
792	0
1734	0
2130	0
760	0
4040	0
397	0
0	0
880	0
487	0
5204	350
2265	1
9796	0
0	2
860	0
570	0
674	0
62	0
2222	0
4204	18
1878	0
4128	0
30	344
0	216
340	0
1714	0
1044	0
406	0
21	0
584	0
608	0
6	0
544	0
2	3
6	2
1422	0
5713	0
1130	0
4368	0
1066	0
0	0
650	0
244	0
990	0
950	0
15	0
752	0
1397	0
2074	0
692	0
180	0
1052	4
332	0
2292	1820
1486	0
1944	0
794	0
734	0
419	0
310	0
5586	0
1718	0
516	0
1310	0
192	0
3354	0
6804	6
5454	0
670	0
916	0
492	0
8	5
1222	0
572	0
976	0
10	3
1000	0
878	0
1228	0
638	0
2858	0
2	8
8	0
86	0
2480	0
974	0
384	0
562	0
347	881
156	0
0	0
6022	0
2938	0
0	0
1730	0
22	0
1516	0
166	0
750	0
741	0
8	0
66	0
636	0
434	0
226	0
730	0
454	0
194	0
18	31
1756	0
1388	0
476	0
34	2868
292	0
41224	0
388	0
1054	0
3126	0
514	0
338	0
1188	0
572	0
652	0
1306	0
194	0
384	0
0	1
0	0
146	0
0	10
308	0
186	0
346	0
10	1
581	2
773	1
0	0
2300	0
2382	0
228	0
8	8
4130	2
1182	0
340	0
1504	0
1212	0
84	0
760	0
1616	0
2130	0
355	0
190	0
140	0
648	0
458	0
4087	4
1357	1
4222	0
482	0
0	0
3131	0
134	0
268	0
622	0
284	0
256	0
18	0
4444	340
1134	0
622	0
78	148
1666	0
602	0
446	0
144	0
4	254
576	0
6	0
0	0
402	0
1592	2
606	4454
748	0
0	8
0	1204
1244	0
978	0
2118	0
930	0
28	0
1951	0
0	0
144	0
2832	0
448	0
620	0
0	0
320	0
2	1
452	0
428	0
810	0
1312	0
616	34
108	0
48	0
2032	350
458	0
446	0
28	0
936	0
4762	0
1120	0
818	0
420	0
82	0
228	0
0	0
104	0
0	1
2148	0
630	0
2092	0
374	0
1268	0
0	0
2	0
136	0
30	0
1344	0
1587	0
1056	0
634	0
12092	0
2012	0
2	1
434	0
46	0
940	0
978	0
652	0
5450	0
0	0
1644	0
0	0
1342	0
1156	0
108	0
6	0
392	0
6426	2
4	0
853	3
390	0
744	0
0	4
944	460
476	0
2822	0
560	0
712	0
1852	0
208	0
444	0
1346	0
2	0
278	0
0	1
2160	0
861	1
324	0
0	0
432	0
572	0
620	1052
0	5522
566	0
0	0
334	0
1165	0
323	0
3794	0
1642	0
4	2
606	0
930	0
0	86
482	0
1514	0
226	290
4	2
702	0
366	0
688	0
14	130
706	0
1186	0
576	0
28	5884
6	3
666	0
508	0
300	0
974	0
790	0
2678	0
2	0
0	184
856	0
1064	0
382	0
1166	0
884	0
1043	0
90	0
720	0
1436	0
630	0
1176	0
577	0
780	0
6844	0
854	0
1104	0
2360	0
3026	0
0	0
1178	0
1100	0
2	0
1670	0
882	0
700	0
3932	0
1671	0
276	0
1666	0
310	0
370	0
102	0
496	0
696	0
278	0
3460	0
372	0
430	0
4293	0
354	0
1374	0
494	0
17104	0
4337	0
334	0
927	1
21	3
444	0
736	0
668	0
762	0
1844	0
2	0
408	0
0	0
292	0
2250	0
98	0
592	0
324	0
676	0
10	0
2	0
1822	0
10	0
1310	0
356	0
150	0
200	0
1890	0
2236	0
0	0
234	0
8	0
1100	0
1104	0
375	84
6	0
208	0
4	0
1566	0
1424	0
546	0
2492	0
556	0
1064	0
336	0
920	0
46012	19898
1470	0
1300	0
800	0
4	1
274	542
13498	0
8201	0
452	0
328	0
6444	0
250	0
322	0
45900	0
1058	0
13741	0
262	0
559	0
342	0
442	0
600	0
4	1
4518	0
64	0
537	0
1964	0
290	0
10908	0
376	0
704	0
802	0
3184	0
820	0
1654	0
0	0
376	0
344	0
1341	0
8	0
458	0
334	0
1390	0
310	894
2176	0
126	0
0	87
8164	0
134	31067
744	0
318	0
302	0
646	0
1056	0
1708	0
302	0
350	0
156	0
102	0
224	0
1662	0
572	0
5090	0
1260	0
586	0
0	0
820	0
1942	0
814	0
195	0
20	0
2461	1
1	0
832	0
290	0
0	0
28	0
832	0
208	0
2	0
424	0
12	0
1592	0
752	9124
678	0
3278	1116
238	0
3786	0
573	0
1	0
432	0
22	0
204	3222
0	0
0	0
3	0
514	0
1222	0
1100	0
304	0
728	0
474	0
1472	0
3	0
2417	3
68	0
1	0
352	0
678	0
90	0
2542	0
608	0
10	1
1667	0
0	0
1012	302
52	0
11818	0
882	0
2	0
1	0
70	46
2764	0
3552	0
586	0
82	0
2336	0
10	2
734	14
1114	0
1264	0
2930	6
1164	0
0	0
28	0
10	0
166	0
902	0
2040	0
1134	0
648	0
450	0
680	0
105	0
808	0
2056	0
244	0
578	0
0	1
825	0
3346	0
906	0
1429	0
448	0
866	0
16411	0
344	0
376	8412
2800	0
258	0
282	0
14622	0
5619	166
2084	0
1025	0
6	18
310	0
880	0
272	0
2	0
492	0
500	0
723	0
276	0
560	2
2158	0
1884	0
1650	0
465	0
386	0
1436	0
1196	0
390	538
3108	0
240	92
304	0
1897	3
8	0
767	0
290	0
286	0
2366	0
534	0
1028	0
36	0
40	0
462	0
298	0
2556	0
586	0
7116	0
0	0
184	0
1376	5624
654	0
182	0
800	26
46	24
318	0
70	0
640	0
49117	0
496	0
18	0
552	0
1258	0
2462	0
468	0
1274	0
98	0
454	0
1012	0
1917	0
1620	116654
4	3
456	0
616	264
1064	0
1479	0
362	0
112	0
686	0
274	0
1536	0
1244	0
1566	0
0	8
1994	0
1920	0
2354	0
528	0
417	0
5392	0
2244	0
2910	0
6	92
422	0
125	0
1750	0
342	0
2	0
25303	0
7324	0
0	0
0	1588
396	0
224	0
2	0
814	0
35656	600
14	6
558	0
72	0
502	0
480	0
1760	0
624	0
938	0
12	2
1436	0
1306	0
1268	0
822	0
614	0
6	0
76	0
180	0
980	0
216	0
15428	0
450	0
136	0
1102	0
778	0
2876	0
828	0
356	0
658	0
3390	0
216	0
546	0
535	0
4	0
1304	0
674	0
3106	0
524	0
380	0
674	0
534	2
3	0
248	0
76	0
26	26
2958	0
74	0
5684	0
5984	0
1730	0
462	0
1104	2968
603	0
340	0
188	0
218	0
1582	0
372	0
1192	0
8001	796
9	1
460	0
160	150
2054	0
1668	1
9358	0
54	0
874	0
384	0
26	0
15455	1670
1142	0
1116	0
336	0
1046	0
132	0
1650	0
1708	0
20	14
296	0
1300	6
376	0
1268	0
0	0
0	92
43932	0
1380	0
1068	0
462	0
1127	0
356	0
962	0
6914	0
1066	0
98	0
830	0
568	0
7	1
10760	0
0	0
1524	0
1022	0
1743	1
2746	0
1506	0
964	0
6	0
816	0
490	0
13146	0
376	0
4060	0
654	0
358	0
3	2
576	0
1147	0
1194	0
262	0
1180	0
530	0
154	0
349	0
0	236
852	0
458	0
270	0
808	0
654	4
1958	0
538	0
4	0
3	3
362	0
1028	0
546	0
806	0
412	0
2	0
0	0
3606	0
0	0
482	0
10	0
254	0
1164	0
1792	0
4076	0
4006	0
626	0
6	0
0	12
1616	0
188	0
456	0
1334	0
6	0
630	0
276	0
1704	0
1058	0
0	0
366	0
228	0
2998	0
4	0
0	0
258	0
798	0
418	0
1040	0
1082	0
1532	0
468	0
1492	0
1268	0
686	0
3772	0
1996	952
338	0
0	0
1770	0
530	0
3206	0
6578	0
0	0
550	0
1408	0
2	0
546	0
2406	0
282	0
0	0
656	0
3316	0
17926	1094
482	0
328	0
29	0
282	0
912	0
1718	0
20634	0
1358	0
4046	0
1140	0
338	0
1238	0
2990	0
1555	0
584	0
57	0
3266	0
1060	0
403	0
712	0
366	0
2390	0
850	0
272	0
2	0
444	0
225	0
782	0
472	0
1690	2
720	0
880	0
3190	0
260	0
490	2144
0	2
722	0
3580	0
2	0
1020	0
566	0
680	0
10	0
902	0
30	0
0	0
588	0
5678	0
2	20
1586	0
686	0
744	0
234	0
250	0
1794	0
0	0
1959	0
6	3
128	0
214	0
12	0
490	0
0	0
0	0
2232	0
106	0
846	0
940	0
4	3
1062	0
1076	0
930	0
3348	0
1954	0
3	0
830	0
406	0
398	0
2146	2
1347	1
0	0
110	0
2	0
2420	0
888	0
1180	0
2958	0
197	0
2274	0
1042	0
1021	0
3056	0
140	0
434	0
0	0
928	0
612	0
64	0
28	1
472	0
632	0
1974	0
1212	0
6	0
1980	0
1038	0
1126	0
924	84
1388	542
1792	0
234	0
740	0
1984	0
5376	0
246	0
1042	0
204	0
818	0
1174	0
686	0
536	0
150	0
328	0
5496	0
1416	0
1038	0
27	0
22	0
600	0
456	0
0	0
274	0
1000	2
1000	0
406	0
146	0
22	732
3530	0
1156	0
638	0
556	0
1080	0
8002	0
108	0
186	0
432	0
3502	0
4650	0
26	1
1470	0
13	0
386	0
2182	0
1232	0
1078	0
1112	2
510	0
374	0
123	0
310	0
140	0
100	0
48	0
3856	0
12450	0
1104	0
2	336
270	0
0	0
4	0
1250	0
880	0
542	0
1764	0
1622	0
878	0
0	0
480	0
3280	68
452	0
1170	0
30034	0
8	1
418	0
858	0
1928	34
1170	0
190	0
1516	0
784	0
5292	200
809	1
1233	0
228	0
346	0
494	0
0	2
918	0
6	0
404	0
604	0
206	0
946	0
1992	0
910	0
256	0
1598	0
1328	0
458	0
2268	0
48	0
280	0
296	0
702	0
526	0
1192	0
364	0
204	0
15340	4
3300	1134
838	0
1104	0
684	0
432	0
1092	0
0	0
4736	2522
1354	0
389	0
1309	0
2150	0
6	0
1908	0
874	0
2930	0
246	0
2146	0
630	0
1430	546
664	0
1298	0
232	0
2718	0
32	0
7612	0
12984	34
1443	0
682	0
742	0
1122	0
8	892
2646	0
687	1
4751	0
1634	0
606	0
16	0
1572	0
516	0
574	0
2526	0
1350	0
4	1
184	0
2918	0
126	0
304	0
906	0
384	0
0	0
2260	0
5018	0
292	0
1402	0
1128	0
706	0
0	0
132	0
36	0
1266	0
420	0
426	0
1429	0
19116	0
5474	8
534	0
636	0
1234	0
914	0
2	6
402	0
1	0
416	0
1312	0
1150	0
0	38
283	0
3618	0
56	0
284	0
1472	0
1724	0
1200	0
136	0
328	0
2	36
4722	0
2433	0
6	0
1034	0
3216	0
357	0
298	0
984	0
1842	0
2	0
9722	0
42	0
340	0
760	0
284	0
962	0
8	1
1818	0
2058	1096
2658	0
10002	0
420	0
238	0
808	0
506	0
818	0
1478	0
906	0
988	0
1104	0
336	0
1478	0
546	0
359	0
0	0
418	0
422	0
1144	0
0	4813
10	0
746	0
2	0
6	0
0	8
190	0
288	0
1536	0
90272	254
532	0
1432	0
1528	0
8	3
5276	0
1572	0
1516	4
1094	0
1038	0
924	0
4955	0
1440	0
620	0
2	0
426	0
786	0
1780	0
254	0
58	0
4388	0
0	38
0	0
668	0
2418	0
504	0
204	0
2792	0
9	1
316	0
1930	0
410	0
838	0
394	0
806	0
12090	0
7	0
640	0
6	0
1232	0
454	0
68	0
2996	0
304	0
2308	0
757	0
768	0
2	0
4	0
274	0
493	0
64	0
0	0
12	0
357	3
2	1
96	0
342	0
4352	0
2	0
210	0
8	98
3138	0
0	0
440	0
2016	8756
0	0
1085	1
272	0
2388	0
4950	0
406	0
876	0
231	0
1816	0
478	0
546	0
4	0
18	0
1474	0
262	0
1316	124
272	0
7	1
708	0
0	1
950	0
160	0
3666	0
92	0
0	0
1102	0
92	0
12	368
1456	0
3438	0
888	0
672	0
708	0
1204	0
152	0
520	0
454	0
1048	0
732	0
474	0
2632	0
1352	0
5068	2
814	0
1230	0
1416	0
90	0
0	0
9540	1208
3388	0
1520	0
2510	0
50	406
252	0
2	1
2214	424
406	0
2914	0
3654	0
918	0
1642	98
1064	0
1305	0
408	0
1802	0
0	0
130	0
146	0
1	0
712	0
264	0
2672	0
450	0
788	0
892	0
1084	0
1074	142
272	0
1508	0
894	0
194	0
4554	0
300	0
968	0
566	0
394	0
625	1
30	0
690	0
294	0
158	0
1012	0
2088	0
8	2
1470	0
168	0
800	0
947	1
561	0
1772	0
494	0
286	0
1507	5
70	0
3	2
268	0
620	0
1768	0
392	0
0	1
96	0
2	0
80	24
800	0
1080	0
47	121
1006	0
0	0
719	152
100	0
2690	0
2	0
648	0
5258	0
500	0
456	0
4486	0
1100	0
2980	4
500	0
7015	0
4032	2
420	0
1218	0
270	0
320	0
0	0
822	0
4	74
817	0
492	0
119	0
5296	0
290	0
878	0
618	0
140	0
0	36
2150	0
404	120
808	0
368	0
342	0
320	0
4	7840
592	0
6	0
520	0
3464	0
598	0
728	0
3120	0
32	68
14	0
448	0
2706	0
910	0
342	0
1898	0
0	0
1076	0
4270	190
422	0
2444	0
6	1
586	0
248	0
2008	0
798	0
6958	0
1044	0
3	13
826	0
3153	1
228	0
226	0
850	0
680	0
0	0
2156	0
1213	1638
6	0
404	0
900	0
336	0
2830	0
1140	0
4890	0
196	0
502	0
482	0
622	0
752	0
1268	0
0	0
622	0
1020	0
188	0
440	0
478	0
1012	0
18	0
4088	0
84	120
382	0
606	0
376	0
18	24
998	0
998	0
651	0
940	0
552	0
0	0
712	0
988	0
578	0
1908	0
360	0
6	0
1488	0
119	0
230	0
132	0
8	0
1106	0
10	0
0	0
360	0
974	0
2	0
364	0
1002	0
2	8
1530	0
192	0
164	0
884	0
96	0
328	0
1183	1
650	0
1192	0
122	0
22	0
2336	0
302	0
2901	0
2184	0
488	0
644	0
3982	84
692	206
4	0
252	0
4	1
0	0
0	0
10	0
0	6
1356	0
468	0
1100	0
1868	0
1572	0
258	436
428	0
896	0
566	0
766	0
0	8
1172	0
384	0
2	0
0	0
104	0
0	1
2522	0
428	0
1337	0
686	0
4	0
3876	0
0	184
546	0
790	0
1888	0
534	0
414	0
498	0
2270	0
580	0
380	0
0	0
2178	124
4	0
362	0
544	0
80	0
1085	0
1036	0
428	0
1048	0
1348	0
1396	0
476	0
30	0
2	10
1197	1
682	0
37	0
1306	0
956	4
1510	0
846	0
922	0
0	17
2589	1
52	0
973	1
1214	0
1148	0
1392	0
1242	0
1652	0
486	0
122	0
120	0
64	0
258	0
384	0
2082	0
1746	0
652	0
488	0
426	0
11734	0
1453	7
2580	0
580	0
534	0
4	4
2338	0
840	0
1802	0
958	0
1294	0
1294	0
984	0
346	0
92	0
407	1
30358	0
283	0
818	0
0	0
636	0
980	0
2932	0
1116	0
522	0
86	0
500	0
1196	290
3232	1038
4648	0
2	0
54	0
320	0
4465	0
0	0
2270	0
570	0
1208	0
418	0
0	33
906	0
532	0
176	152
432	0
2	0
1024	0
342	0
1230	0
942	0
284	0
2990	0
13832	30
1170	0
0	14
328	0
2170	0
1122	0
380	0
638	0
0	0
380	0
378	0
1858	0
1282	0
428	0
7748	15522
344	0
35	0
1100	0
336	0
6195	14453
4436	0
3332	6
538	0
204	0
2	16
0	0
810	0
224	0
1742	0
16	3
2	0
2690	0
4	0
1420	0
368	0
1728	0
508	0
668	0
354	0
1454	0
8	0
2272	0
698	0
552	0
515	19
556	0
660	4
3886	0
886	0
0	72
288	0
55	0
0	0
2716	0
320	0
3978	3934
6667	0
1584	0
2678	0
482	0
1098	0
5126	0
0	0
28770	21536
1040	0
1484	0
1364	0
11090	0
6	0
136	0
558	0
32	0
886	0
4166	0
6	0
44	0
4162	1038
350	0
990	0
610	0
271	0
1	1
568	0
0	0
90	0
1324	0
716	0
2124	0
202	0
356	0
212	0
272	0
464	0
443	0
1192	0
6	0
1372	3368
2	0
148	0
964	0
706	0
3506	0
566	0
544	0
1564	0
506	76
1622	0
0	0
3432	0
1067	0
329	0
1486	0
3	6
16	0
578	0
2202	0
1104	52
3	0
2	0
310	0
3646	0
356	0
3004	0
799	0
1404	0
1168	0
708	0
5564	0
128	0
4422	4224
156	0
332	0
938	0
1292	0
0	4
694	0
801	1
178	0
1016	0
743	1
238	0
12	0
633	1
3348	0
1848	0
618	0
102	212
0	66
0	0
498	0
2554	0
402	0
1850	0
0	0
436	0
110	0
420	0
304	0
922	0
694	0
122	0
0	392
472	0
702	0
2504	0
356	0
438	0
1847	1
864	0
2553	1
48	0
3490	0
2556	0
6	1
60	0
460	0
0	0
528	0
464	0
0	4
1232	0
640	0
318	0
226	0
270	0
756	1
500	0
328	0
346	1598
340	0
2542	0
22	92
1180	0
176	0
1532	0
1422	0
1038	0
1834	0
2712	0
5170	0
2	0
5002	4224
4	0
124	0
3844	0
496	0
346	0
638	0
832	0
3	0
472	0
450	0
6	0
1923	0
10996	9
511	0
514	0
966	0
914	0
899	0
1328	0
6832	0
2134	0
1052	0
970	0
4	0
430	0
4628	874
2270	0
5084	0
928	0
1270	0
110	112
464	0
234	0
372	0
338	0
382	0
846	0
1936	0
946	0
1094	0
714	0
2	0
374	0
524	0
32	110
8	0
4226	0
988	0
1110	0
42	0
1078	0
1212	0
1062	0
906	0
696	0
118	0
1574	0
2772	8
2	1
880	0
4426	0
1399	0
48	0
560	0
1498	0
3315	0
2004	0
2646	0
390	0
18	0
721	0
1616	0
1614	0
4	0
1610	0
788	0
214	0
228	0
254	0
0	0
3528	0
522	0
5520	0
292	0
1954	0
6	170
14	0
540	0
0	1
6892	0
1060	0
856	0
1656	0
522	0
2	0
592	0
342	0
448	0
476	2
1457	0
532	0
60	0
1065	0
1082	0
1078	0
568	0
686	0
802	0
1120	0
432	0
432	0
800	0
188	0
716	0
1322	0
496	0
0	6
494	0
1976	0
374	0
1226	0
240	0
702	0
1700	0
2052	58103
414	0
14	0
338	0
1053	0
586	0
12	1
0	3
2111	1
26	0
825	0
130	0
864	0
4	0
16751	0
2	0
314	0
16	2
1176	0
0	3
140	0
2	64
396	0
168	0
638	0
688	0
512	0
2460	0
908	0
225	0
154	0
938	0
304	0
26	0
1518	0
912	0
296	0
872	0
1412	0
1700	16301
556	0
104	0
1268	0
214	0
401	0
72	26
700	0
94	0
200	0
4	0
4	4
618	0
5693	0
1288	0
0	0
230	0
1336	0
4434	0
2	0
6	0
0	0
550	0
616	0
36	144
674	0
822	0
1396	0
590	0
586	0
1126	0
570	0
473	0
2502	0
1668	0
628	0
242	0
2	1
20	0
92	0
471	1
7554	0
468	0
1120	0
754	0
208	0
1025	0
584	0
4560	0
698	140
462	0
1322	0
0	0
1484	0
540	0
40	0
1330	0
1191	0
1735	3
0	0
0	0
904	0
2367	1
718	0
632	0
2619	0
7446	0
748	0
856	0
1009	0
970	0
958	0
1970	0
1771	1
1038	0
24903	0
338	0
2	0
582	0
1814	0
434	0
6244	0
2	2
4	0
468	0
638	0
154	212
5152	0
300	0
2094	0
274	72
62	2684
1036	0
2516	0
846	0
314	0
786	0
1491	0
42	109
822	0
678	0
1964	0
420	0
1734	0
2	22
256	0
448	0
638	0
452	0
808	2
2	0
630	0
904	0
180	0
694	0
0	0
197	0
74	140
152	0
0	52
0	0
84	0
4380	0
1302	0
671	0
488	0
4876	0
433	0
836	0
812	0
1534	0
2348	0
0	0
1072	0
2172	0
522	0
777	0
5552	0
546	0
542	0
256	0
1064	0
1560	0
2	0
30266	0
270	0
1888	0
4	3094
0	3
812	0
106	0
1259	0
18	0
1706	0
444	0
386	0
4	2
594	0
0	0
366	0
137	0
476	0
1312	0
270	0
750	0
1714	0
1256	0
171	0
2502	0
335	0
484	0
980	0
1078	0
816	0
1374	0
448	0
322	10060
922	0
551	0
556	0
0	0
1348	0
1922	0
2762	0
2032	0
906	0
22	0
992	0
624	0
737	1
1214	0
162	0
169	0
376	0
1544	0
22	214
2220	0
384	0
548	0
568	0
624	0
672	0
5984	0
334	0
1444	0
4456	2522
40	0
802	0
442	0
2182	0
0	3
636	0
12	0
114	0
200	0
5370	0
46	0
699	1
1288	0
592	0
92	9426
0	0
544	0
7044	0
482	0
494	0
360	0
0	0
6	1
312	0
850	0
49	0
3907	19
2236	0
2	0
1734	10040
4	1
1186	0
882	0
308	0
331	1
736	0
1030	0
468	0
20	32
998	0
290	0
148	0
34	0
1112	0
740	0
1214	0
2147	0
3652	0
1621	0
322	0
1	0
208	0
296	0
70	0
186	0
216	0
458	0
178	0
4	3
2410	0
4	4
0	918
1021	0
0	0
1162	0
946	0
324	0
136	0
196	0
124	0
8474	0
2400	0
750	0
122	0
1740	0
3940	0
0	0
1100	0
1352	0
160	0
4121	31
224	0
536	0
398	0
1378	0
112	0
1460	0
120	0
40	0
3580	0
120	0
726	0
62707	33188
318	26
622	0
4	0
578	0
4016	0
990	0
902	0
508	0
0	0
984	0
522	0
308	0
914	0
0	0
897	0
872	0
232	0
406	0
544	0
560	0
206	0
128	0
1914	0
8	0
132	0
536	0
1896	0
212	0
2	0
4666	0
1234	0
379	1
361	0
501	0
366	0
1898	68
386	0
388	0
378	0
255	0
0	0
1405	0
1272	0
1283	0
86	0
874	0
1956	0
1466	0
462	0
0	1
1166	0
786	0
336	0
3603	0
822	0
602	0
1488	0
2448	0
0	0
1526	0
2131	2
274	0
3734	0
626	0
674	0
124	0
920	0
0	0
0	0
10092	0
294	0
856	0
833	0
318	0
618	0
416	0
1204	0
5652	15539
1190	0
1724	0
0	0
2060	0
992	0
292	0
992	0
20	0
376	0
1565	0
322	0
4	0
874	0
208	0
1220	0
2906	0
300	0
394	0
302	0
172	0
2964	0
2020	0
1206	0
1644	0
110	0
172	0
2845	538
1488	0
2650	0
695	0
2138	0
18079	1138
0	0
12	0
800	0
244	0
422	0
111	0
374	0
980	0
1008	0
2172	0
0	10
3504	0
1642	0
448	0
616	0
148	0
19774	0
2	0
249	0
2284	0
90	0
132	0
1364	0
854	0
2218	0
158	0
228	0
602	0
270	0
60	0
400	0
716	0
1036	0
356	0
6	0
230	0
2840	0
554	0
547	146
1628	0
274	0
0	0
1084	0
346	0
1096	0
218	0
1174	0
0	3
1730	0
1066	0
746	0
1330	0
2	0
8	0
0	0
19	0
403	0
304	0
534	0
425	0
716	0
1756	0
1702	0
1385	0
638	0
282	0
208	0
1842	0
902	0
1518	0
270	0
2	0
180	0
1088	0
1548	0
208	0
278	0
366	0
184	0
470	0
14	2
8	0
2160	0
808	0
2	0
448	0
3	2
3538	0
1348	0
0	0
266	0
1378	0
1328	0
1002	0
2416	0
270	0
908	0
1454	0
530	0
1690	0
298	0
7	0
1028	0
526	0
1606	0
9498	0
7171	0
28	0
2298	0
4896	0
464	0
438	0
14	0
1224	0
564	0
2758	0
1108	0
632	0
0	0
386	0
278	0
20	32
10750	0
0	0
1938	0
20	0
3038	0
364	0
1788	0
90	0
184	0
578	0
1933	3
2	132
3074	84
172	0
8340	43
44	0
17386	1810
526	0
8	0
116	50
620	0
740	0
450	0
2017	3
0	1
4211	0
570	0
598	1084
674	0
32	0
3048	0
3232	474
368	0
684	0
1646	0
1304	0
274	0
0	2
1134	0
1152	0
0	0
823	0
5116	0
930	0
1066	0
2446	0
644	0
396	0
398	1582
890	0
160	0
42	0
2306	0
66	0
220	0
416	0
2092	0
1140	0
328	0
686	0
6	0
828	0
232	0
6110	0
0	1
346	0
658	0
84	0
1526	0
224	0
2396	0
0	0
1342	0
542	0
76	0
871	0
14	0
540	0
426	0
706	0
1245	1
614	0
2682	0
374	0
4	5
380	0
880	0
748	0
22	0
16	1086
1102	0
2460	2
232	144
1152	0
1296	1686
44	732
336	0
858	0
1617	1
20	242
2	3
163	0
3448	0
8	0
232	0
1038	0
468	0
466	0
280	0
896	0
676	0
2	0
1662	0
1538	0
932	0
24306	0
488	0
676	0
0	2
422	0
242	0
194	0
1120	0
1178	0
1054	0
100	0
630	2
1790	0
1128	0
1750	0
1668	0
4054	0
2	0
0	0
22	0
14	0
1492	0
3826	0
348	0
954	0
394	0
1154	0
794	0
402	0
3224	0
1330	0
9	6
232	0
36	0
206	0
71	1
322	0
3674	0
0	0
458	0
420	0
246	0
0	0
1054	0
0	0
3988	0
4782	0
740	0
9052	0
808	0
1393	0
2920	0
606	0
1176	0
2000	0
78	0
482	0
102	0
2974	0
366	0
0	0
0	0
0	4
738	0
436	0
1504	0
434	0
2934	0
599	0
228	92
234	0
520	0
324	0
266	0
218	0
870	0
402	0
392	0
768	0
3042	0
904	0
24	25
831	0
635	0
0	0
0	0
498	0
184	0
6	0
350	0
1756	0
3348	0
0	4
298	0
148	0
560	0
262	0
1334	0
286	0
3752	0
0	0
3	0
2096	0
1340	0
872	0
0	170
450	0
120	0
1120	0
76	0
12	1
1446	0
20	0
1544	0
0	0
334	0
142	0
1076	0
1366	0
33	0
1342	0
336	2
0	0
221	0
1644	0
0	0
264	0
932	0
1382	0
86	424
418	0
2040	0
516	0
656	0
248	0
406	0
738	0
7400	0
0	0
4	0
446	0
0	0
226	0
0	29
214	0
792	0
1026	0
8	1
1024	0
10	2
184	0
446	0
468	0
1020	0
922	0
174	0
492	0
690	0
0	6
478	0
890	0
3198	0
116	0
0	0
3	0
1662	0
20	0
1046	0
348	0
3390	0
696	0
1628	0
560	0
998	0
696	0
338	254
0	1
353	6
876	0
1576	0
724	0
202	0
350	0
1309	3
1084	0
820	0
63	0
2022	34
1122	0
936	0
0	0
515	0
4	0
388	0
12	26
972	0
60	712
38	236
544	0
2620	0
160	0
202	0
1046	0
22	0
2522	0
1336	0
270	0
2284	0
704	0
234	0
680	0
1478	0
140	0
30802	84
360	0
6688	0
0	8
1738	0
0	0
74	0
36	36
1652	0
2258	0
0	16276
346	0
6	0
1068	0
353	0
0	0
1503	0
69	0
992	0
2072	0
22	0
906	0
1064	0
240	0
2212	0
6996	0
562	0
2287	5
12	16
1570	0
2982	0
916	0
8	6
1	0
396	0
1234	0
11678	0
380	0
512	0
116	0
308	0
320	0
14	1
276	0
1760	0
216	0
1276	0
1798	0
4532	0
48	262
424	0
1436	0
244	0
160	0
550	0
1122	0
80	0
5498	0
524	0
374	0
253	0
2866	0
0	1
682	0
0	0
1374	0
2956	0
470	0
2509	326
592	0
10	0
1152	0
306	0
502	0
108	0
6152	0
672	4
1119	0
270	0
12	0
508	0
978	0
26	0
656	0
570	0
3362	0
7852	0
0	33
2	0
392	0
482	0
321	3
60	0
750	0
4512	0
668	0
150	0
266	0
494	0
258	0
417	1
314	0
282	0
1040	0
1508	0
0	0
3348	0
166	0
1218	0
10	0
1554	0
542	0
669	0
1084	0
2026	0
1710	0
489	0
3644	0
24	0
340	0
70	98
134	0
0	0
3554	4
1300	0
1660	0
6	0
430	0
724	0
0	0
94	0
192	0
9565	0
406	0
1034	0
1180	0
2862	350
1326	10040
2972	1116
154	0
616	0
7804	0
2030	1942
0	0
1034	146
2	0
1412	0
376	0
1550	0
990	0
310	0
6	0
861	1
92	0
416	0
8140	0
441	0
326	0
1992	0
376	0
1550	4006
234	0
697	0
718	0
92	0
2206	0
2862	150
352	0
110	0
90	8
0	1
582	0
10	0
1276	0
510	0
568	0
1484	0
374	0
138	0
2	0
1716	0
2072	0
2	1
154	0
3	4
0	0
112	0
2070	0
564	0
1394	0
2550	0
30	0
2686	0
1514	0
1072	0
407	3
806	0
1016	0
2326	0
1674	0
1502	0
676	0
2062	0
306	0
4284	0
1400	0
0	0
1010	0
6	0
8	0
8	0
1078	0
1212	0
234	0
905	0
892	0
2182	0
774	0
580	0
272	0
990	0
850	0
316	0
1516	0
5438	0
1180	0
1212	0
392	0
901	0
498	0
476	0
1554	0
4164	0
2747	14
214	0
10	0
1154	0
404	0
815	3
825	0
851	0
412	0
1234	0
0	0
61	1
674	0
400	0
3676	0
2149	0
882	0
324	0
0	0
26	36
1810	0
900	0
1210	0
16	0
718	0
1108	0
1040	0
3118	0
346	0
0	34
128	0
2640	0
6	0
94	0
108	0
970	0
2	0
18	0
472	0
522	0
492	0
10770	0
952	0
218	72
553	1
142	0
200	0
444	0
309	0
178	0
2258	0
54	0
725	0
12294	0
3088	164
2188	0
1568	0
425	0
872	0
914	0
324	0
742	0
942	0
438	0
2008	0
1052	0
586	0
2230	5620
218	0
4596	0
4382	0
1	0
132	0
1439	0
66	0
570	0
234	0
926	0
412	0
136	0
3193	1
408	0
916	0
2848	0
150	0
1522	0
112	812
8	0
1486	0
1	0
6	0
12	0
116	1146
1	0
3458	0
238	0
86	0
790	0
738	0
1988	0
1632	0
0	0
1017	0
421	4
90	0
216	0
34	1004
20	0
580	0
232	0
0	0
1966	0
208	0
490	0
1640	0
2728	0
334	0
434	0
3260	978
0	1
5678	0
404	0
1988	0
0	171
2182	0
1916	0
688	0
0	80
698	0
48	84
50	0
1241	0
4	0
1188	0
1486	0
10	0
0	0
364	0
984	0
2734	0
1504	0
2	1
762	0
568	0
891	254
1454	0
548	0
314	0
0	0
2270	0
3132	0
64	0
3236	0
8	0
1206	0
2048	0
400	0
0	0
1372	0
790	0
4	0
1760	0
352	0
7464	0
608	0
106	0
928	0
0	0
12	0
3738	0
1654	0
186	0
452	0
1025	1
806	0
204	0
2386	0
9707	7
3130	0
495	16
364	0
282	494
1706	0
1680	0
3276	2
661	0
750	0
1482	0
8	0
0	0
108	0
4702	0
748	0
888	0
2636	0
184	0
1520	0
480	0
184	0
1198	0
764	0
414	3442
886	0
332	2
572	2
234	0
24	0
124	31067
778	0
3358	0
238	40
694	0
382	0
1798	12091
622	0
0	0
8512	0
4	1
1106	0
0	0
780	0
574	0
695	0
4	0
794	0
434	0
912	0
576	0
721	5
1060	0
42	0
0	1
1176	0
140	0
638	0
758	0
13	4
3528	1134
1518	0
615	1
120	0
1138	0
84	0
195	0
2	0
36	0
9	2
0	0
2	0
7116	0
4434	0
722	0
8	0
618	0
266	0
2266	0
986	0
2	109
20	0
9784	0
404	0
424	0
2666	0
624	0
290	0
2	1
720	0
3246	952
1999	0
398	0
388	0
794	0
1769	0
175	0
344	0
478	0
1736	0
1012	0
832	0
230	0
102	4
736	0
1294	0
16	7
2	0
628	0
350	0
612	0
222	0
8602	0
286	0
552	0
870	0
2	0
1212	0
0	1638
1924	0
810	0
220	0
212	0
1106	0
782	0
834	0
348	0
2	2
294	0
396	0
8	0
832	0
270	0
980	340
1334	0
56	0
746	0
540	0
1520	0
2752	0
0	186
2	0
178	0
1851	0
206	0
240	0
6	0
1541	1
152	0
78	0
2	1
642	0
1110	1686
4290	2
1	1
48	0
8	0
3244	0
29	0
715	1
1143	1
2866	1702
1	0
338	0
934	0
1190	0
376	0
3474	0
976	894
525	0
0	216
15973	0
3028	2
136	0
1716	0
10	0
1294	0
506	0
431	0
706	0
534	0
5830	0
946	0
1065	0
2522	0
6334	0
856	0
7328	0
730	0
1969	1
2058	0
881	0
1060	0
688	0
2076	856
316	0
1033	1
176	0
2462	0
526	0
3086	0
534	0
520	0
2106	0
14718	16
732	0
415	0
1096	0
24	0
882	0
596	0
2616	0
113	0
794	0
2755	6
2	1
2180	0
512	0
882	0
1668	0
1448	0
2514	1138
1690	0
194	0
3826	0
512	0
164	0
924	0
806	0
326	0
580	0
264	0
1874	0
2080	0
8	262
34	0
14	5
382	0
1306	0
1770	0
2050	0
176	0
1324	0
1004	0
783	0
4	0
1459	3
550	0
422	2
558	0
335	0
1140	0
234	0
1542	0
318	0
246	0
1702	0
12	0
616	0
322	0
1374	0
7286	796
1162	0
0	0
5340	0
2432	0
0	74
5102	0
996	0
352	0
974	0
764	0
5526	0
2	0
820	0
16	0
438	0
3728	0
914	0
4800	0
0	0
930	0
1528	0
298	0
0	0
6	0
1372	0
3898	0
702	0
2	0
692	0
3272	908
1154	0
1594	0
1352	460
2246	0
0	6
598	0
0	0
0	0
608	0
1114	0
392	0
13	0
208	0
2602	0
24	0
5886	0
708	10060
338	0
4632	0
836	18
1550	0
54	0
480	0
906	0
134	84
2768	0
146	0
220	0
638	0
690	0
346	0
1169	0
2828	0
2692	0
32	0
424	0
252	0
4042	340
438	0
34	0
1718	0
483	0
1536	0
4	0
1846	0
3790	0
2390	0
2	1
892	0
474	0
34	0
458	0
4	0
298	0
574	0
0	12
490	0
28156	21536
10	0
2105	0
2134	0
979	1
272	0
0	0
700	0
16	2
876	0
339	0
484	0
5424	0
3691	0
4938	0
20	0
984	0
482	0
2744	0
1086	0
316	0
678	0
300	0
948	0
818	0
0	74
1302	0
264	0
0	0
390	0
1846	0
0	202
2600	264
0	412
920	0
2464	0
6200	0
438	0
56	0
4130	0
840	0
796	0
6	1
616	0
740	0
652	0
24	0
952	0
3546	4
0	0
1949	1
0	0
0	776
910	0
2212	104
248	0
568	0
566	0
580	0
1130	0
768	0
220	0
506	0
0	0
1094	0
350	0
6802	0
578	0
1756	2
611	0
0	14
1686	0
2836	0
518	0
3568	0
509	1
1112	0
0	19452
1520	0
5256	0
12	1
0	0
1904	3712
406	0
1900	0
768	0
880	0
556	0
1460	0
0	16418
29	4
16	1
1476	0
452	0
2452	0
614	0
794	0
770	0
6	0
2	0
6	0
234	0
468	0
3798	0
2348	0
56	0
48	0
414	0
4232	0
227	0
1082	0
205	202
666	0
2	0
0	6
2354	6
376	0
312	0
339	3
452	0
530	0
1556	0
4296	0
0	4631
1520	0
14768	3934
3286	0
49	88
914	0
1910	0
418	0
0	0
494	0
0	70
232	0
2116	0
138	0
508	0
1456	0
114	0
64	0
820	0
282	2
1560	0
320	0
1184	0
388	0
0	0
1074	0
4366	172
1472	0
628	0
298	0
200	0
2	3
454	0
1330	0
13776	0
2936	4
0	0
2012	0
2620	0
112	0
1234	0
12136	0
218	0
312	0
648	0
460	0
804	0
1706	0
928	0
142	0
554	0
1244	0
418	0
2284	0
498	0
4	0
4651	0
4	0
326	0
1600	0
476	0
232	0
2062	0
336	0
690	0
4884	0
0	0
274	0
274	0
602	0
1174	190
889	0
734	0
2024	978
1	2
0	0
144	0
3114	0
1642	0
490	0
806	0
1180	0
308	0
762	0
90	0
1	1
0	0
471	0
16	24
530	0
96	0
528	0
1090	0
598	0
3172	0
1	0
792	0
382	0
38	0
0	1
948	0
1062	0
4	1
32	0
228	0
0	0
1282	0
158	0
162	0
422	0
1324	0
694	0
413	1
0	20
1320	0
416	0
222	0
7202	0
2780	0
0	0
0	1
250	0
1054	0
322	0
1130	0
2	1
1206	0
2908	6
94	0
1909	3
1199	0
406	0
1656	0
297	0
2	4
7	0
444	0
626	0
662	0
330	0
348	0
49	0
936	0
2004	0
954	0
1613	1
1194	0
236	0
1566	0
6	2
522	7840
740	0
24	0
14	0
1562	0
646	0
1274	0
1519	0
255	0
702	0
6	18
1634	0
386	0
30	0
990	0
198	0
314	0
1524	0
1576	0
906	0
168	0
8262	0
2331	0
1	1
556	0
2182	0
324	0
0	2
8	0
1036	0
434	0
958	0
556	0
0	0
1800	0
1382	0
3320	0
300	0
1993	0
90	0
380	0
486	0
227	1
300	0
782	0
1532	0
4116	0
4	0
3460	0
500	0
1686	0
1066	0
608	0
4	0
5740	0
2	1
15608	0
0	0
1074	0
1064	0
2508	0
6120	0
6	3
1442	0
74	0
0	0
1014	0
1	2
2	2
0	34
4708	4722
380	0
2098	0
4482	0
500	0
4	0
1118	0
9800	0
712	0
1906	0
36	0
200	0
428	0
2460	0
1646	0
2390	0
1870	0
240	0
430	0
1956	0
1132	0
1782	0
486	0
1750	0
414	184
2170	0
486	0
410	0
398	0
850	0
1886	0
1790	0
1140	0
690	0
1528	0
600	0
48	0
62	10128
688	0
642	0
264	0
430	0
402	0
994	0
3768	0
30	524
614	0
332	0
1214	0
2237	1
2	0
4588	0
1276	0
14798	0
176	0
546	0
1058	0
372	0
1291	1
0	0
1442	0
18	37
2272	0
1224	0
464	0
18	0
1896	0
1606	0
216	0
648	0
844	0
826	0
131	0
2	0
1	1
396	0
828	0
2010	0
288	0
0	0
114	2
906	0
1482	0
2	0
288	0
1399	1
4	1598
1500	0
91	150
146	0
0	0
360	0
510	0
228	0
16	0
4538	0
8	0
3334	0
1087	0
312	0
1162	0
0	0
7509	0
1094	0
194	0
1676	0
480	0
50	16
1640	0
514	0
2	1
5609	0
644	0
1021	1
0	0
460	0
8	0
98	0
154	0
496	0
1064	2
4174	0
1082	0
1204	0
259	0
672	0
1322	0
10	0
4	4
588	0
844	0
690	0
770	0
943	0
878	0
324	0
400	0
721	0
1068	0
852	0
1846	0
410	0
1038	0
926	0
1844	0
6877	0
2420	0
310	0
696	0
662	0
102	0
258	0
264	0
268	0
314	0
0	0
7	15
688	0
3793	0
58	0
846	0
2352	0
617	1
282	0
1529	0
840	0
1016	0
256	0
322	0
1	0
746	0
246	0
12612	17
936	0
332	0
1228	634
914	0
20588	0
428	0
1195	0
1592	0
745	0
1012	0
42	1
1018	0
558	0
610	0
1044	0
156	0
233	0
2974	0
798	0
1206	0
296	0
1665	0
6	30
138	0
0	6
481	1
344	0
646	0
2328	0
195	0
0	1
426	0
4	0
1198	0
14	0
472	0
292	0
1535	0
170	0
0	34
866	0
204	0
2282	0
407	0
148	0
528	0
246	0
4	0
2882	0
1588	0
106	0
198	0
4	0
1666	0
316	0
548	0
0	1
0	8
0	0
994	0
2	0
748	0
2	1
1848	14
2150	0
4	24
642	0
508	0
280	0
1444	0
970	0
24	0
2818	0
39784	88
206	0
658	0
360	0
822	0
198	0
234	0
134	0
521	0
1094	0
2308	604
282	0
90	4
0	0
1195	3
17648	46
594	0
1968	0
5696	0
1600	0
242	0
6	0
1044	0
2632	0
23	9
22	0
2322	0
1003	3
274	0
906	0
360	0
2176	0
962	0
56	0
1500	14444
2	0
58	0
2	4
1022	0
1210	0
59	0
4696	436
3	1
240	0
672	0
791	0
1206	0
1322	0
0	0
0	0
0	0
8670	0
386	0
248	0
716	0
350	0
174	2144
466	0
972	1
1498	0
3104	0
134	2
288	0
836	0
0	130
1120	0
154	0
3833	0
1220	0
0	0
531	1
2348	0
394	0
384	0
1722	0
108	10
493	1
880	0
696	0
767	0
384	0
642	0
552	0
0	0
1096	0
0	0
6	1
834	0
590	0
4	0
4	0
2216	0
0	0
576	0
1412	0
344	0
1582	0
554	0
4904	0
586	0
118	195
192	0
648	0
2212	0
542	0
268	0
0	6
288	0
0	0
0	1
1258	0
6	0
947	0
2	0
954	0
1364	0
0	0
3402	0
110	0
3174	0
1170	5588
1768	0
516	0
0	0
18	0
1181	3
0	0
1066	0
566	0
313	0
20	184
1	0
1674	1582
15	0
6360	1482
0	12
110	0
0	0
714	0
146	300
456	0
8210	0
72	0
732	0
786	0
1914	0
600	600
2	0
890	0
22	0
396	20
42	0
2238	0
432	0
1038	0
526	0
2272	0
202	0
249	0
2948	0
416	0
208	0
2028	0
1216	0
2	892
0	1
2274	0
2	2
774	0
804	0
866	0
254	0
3250	0
280	0
564	0
238	0
318	0
2274	0
186	0
31	123
0	0
14	0
202	0
734	0
802	0
590	0
1078	0
1020	0
0	76
0	3
190	0
0	9470
992	0
2417	0
226	0
482	0
526	0
10	4
120	2
928	0
130	1086
80	0
1236	0
4	0
448	0
716	0
0	10
5	2
474	0
330	0
1566	0
1101	0
54	0
3934	0
55708	0
3608	604
516	0
649	0
1344	0
2712	0
384	0
770	0
2	0
0	0
728	0
763	1
304	0
0	1
974	2
762	0
382	0
430	0
432	0
332	0
1297	0
1	0
218	2302
166	0
727	0
2842	0
1388	0
936	0
782	0
662	0
1890	0
1160	0
492	0
0	0
2396	0
504	0
418	0
520	0
298	0
467	0
400	92
980	0
2	0
570	0
792	3712
982	0
1385	0
46	573
488	0
2300	0
382	0
174	0
532	0
4090	0
804	0
100	0
582	0
782	0
206	0
0	0
108	0
1130	0
1084	0
1698	0
522	0
2314	0
1308	0
200	0
855	0
212	0
114	0
324	0
2476	0
1146	0
648	0
1502	0
156	0
6804	0
308	0
744	0
500	0
1010	0
32	0
4	0
772	0
4	74
177	0
2714	0
354	0
4	0
2666	0
818	0
8	0
1909	0
2798	0
952	0
830	0
6	3
422	0
910	0
580	0
684	0
636	252
446	0
1296	0
1412	0
2630	0
4	0
410	0
1000	0
516	0
183	0
811	1
458	0
876	0
22	0
0	0
0	0
160	0
52	254
799	0
596	0
1332	0
534	0
882	0
1512	0
2880	0
550	0
554	0
212	0
36	98
954	0
0	0
860	0
1092	0
475	0
1674	0
552	0
1298	0
992	0
780	0
1024	0
144	0
2	0
732	0
1340	24
29	480
201	0
1000	0
0	0
458	3
4	0
5980	0
1110	0
66	0
886	0
722	0
512	0
172	0
882	0
4102	4
1860	0
294	0
904	2
704	0
0	0
652	0
4	0
418	410
320	0
146	0
48	14278
0	0
8	0
460	0
0	1
342	0
368	0
32	0
1764	0
396	0
268	0
1436	0
754	0
122	0
602	0
662	0
428	0
814	0
4	1
752	0
1683	0
2950	0
0	16044
6	1
799	0
10	0
2266	0
635	0
1164	0
1865	0
473	11
1972	0
720	0
2	0
878	0
234	0
1434	11016
36	6
1854	0
5204	0
176	0
274	0
316	0
3981	0
976	0
4	0
530	0
534	0
16	0
884	0
2832	0
172	4132
750	0
3	0
1145	3
0	0
1060	0
728	0
1158	2
330	0
146	0
2378	0
1280	0
0	10024
336	0
684	0
432	0
4	0
248	0
48	5884
6	0
758	0
865	0
2	0
175	0
1116	0
10384	0
10	0
4	0
544	0
1094	2
1421	0
1022	0
390	0
0	0
274	0
600	0
218	0
448	0
276	0
4	0
5140	1958
1418	0
538	0
212	0
664	0
0	0
90	0
456	0
390	0
556	0
1152	0
600	0
980	0
100	0
830	0
0	2
2878	406
108	0
30	0
3238	14
368	0
298	6
1158	0
1126	2968
686	0
1420	0
1000	0
1086	0
300	0
1666	0
628	0
546	0
118	0
414	0
160	0
876	0
2	0
412	0
380	0
2782	0
1522	0
9914	8
194	40
38	0
1100	0
200	0
5	6
188	0
1232	0
14	0
1086	0
230	0
1230	112
1112	0
398	0
300	0
1362	0
572	0
1392	0
632	0
1940	0
4958	4
0	0
565	0
546	0
1200	0
2364	0
5234	0
534	0
186	164
0	0
616	0
2720	2
4	0
876	0
2138	0
1044	0
3034	0
696	0
1631	0
510	0
1607	1
1402	0
336	0
646	0
1946	0
1390	0
746	0
614	0
1072	0
510	1208
8974	0
386	0
20582	0
15968	0
1174	0
12	4
0	0
500	0
2171	0
1370	0
8	0
506	0
1797	3
682	0
604	0
364	0
2864	0
222	0
6	0
4	0
0	97
656	0
2	142
0	0
2	0
2	80
6	0
14	40
0	72
0	0
402	0
6	0
12	14
